浣溪沙,爱情与离愁
浣溪沙,悲伤与祭奠
浣溪沙,爱国与豪情
浣溪沙,山水田园
浣溪沙,哲理
浣溪沙,怀古
蝶恋花,爱情与离愁
蝶恋花,悲伤与祭奠
蝶恋花,爱国与豪情
蝶恋花,山水田园
蝶恋花,哲理
蝶恋花,怀古
念奴娇,爱情与离愁
念奴娇,悲伤与祭奠
念奴娇,爱国与豪情
念奴娇,山水田园
念奴娇,哲理
念奴娇,怀古
水调歌头,爱情与离愁
水调歌头,悲伤与祭奠
水调歌头,爱国与豪情
水调歌头,山水田园
水调歌头,哲理
水调歌头,怀古
满江红,爱情与离愁
满江红,悲伤与祭奠
满江红,爱国与豪情
满江红,山水田园
满江红,哲理
满江红,怀古
江城子,爱情与离愁
江城子,悲伤与祭奠
江城子,爱国与豪情
江城子,山水田园
江城子,哲理
江城子,怀古
声声慢,爱情与离愁
声声慢,悲伤与祭奠
声声慢,爱国与豪情
声声慢,山水田园
声声慢,哲理
声声慢,怀古
虞美人,爱情与离愁
虞美人,悲伤与祭奠
虞美人,爱国与豪情
虞美人,山水田园
虞美人,哲理
虞美人,怀古
一剪梅,爱情与离愁
一剪梅,悲伤与祭奠
一剪梅,爱国与豪情
一剪梅,山水田园
一剪梅,哲理
一剪梅,怀古
卜算子,爱情与离愁
卜算子,悲伤与祭奠
卜算子,爱国与豪情
卜算子,山水田园
卜算子,哲理
卜算子,怀古
青玉案,爱情与离愁
青玉案,悲伤与祭奠
青玉案,爱国与豪情
青玉案,山水田园
青玉案,哲理
青玉案,怀古
西江月,爱情与离愁
西江月,悲伤与祭奠
西江月,爱国与豪情
西江月,山水田园
西江月,哲理
西江月,怀古
临江仙,爱情与离愁
临江仙,悲伤与祭奠
临江仙,爱国与豪情
临江仙,山水田园
临江仙,哲理
临江仙,怀古
定风波,爱情与离愁
定风波,悲伤与祭奠
定风波,爱国与豪情
定风波,山水田园
定风波,哲理
定风波,怀古
渔家傲,爱情与离愁
渔家傲,悲伤与祭奠
渔家傲,爱国与豪情
渔家傲,山水田园
渔家傲,哲理
渔家傲,怀古
钗头凤,爱情与离愁
钗头凤,悲伤与祭奠
钗头凤,爱国与豪情
钗头凤,山水田园
钗头凤,哲理
钗头凤,怀古
破阵子,爱情与离愁
破阵子,悲伤与祭奠
破阵子,爱国与豪情
破阵子,山水田园
破阵子,哲理
破阵子,怀古
菩萨蛮,爱情与离愁
菩萨蛮,悲伤与祭奠
菩萨蛮,爱国与豪情
菩萨蛮,山水田园
菩萨蛮,哲理
菩萨蛮,怀古
清平乐,爱情与离愁
清平乐,悲伤与祭奠
清平乐,爱国与豪情
清平乐,山水田园
清平乐,哲理
清平乐,怀古
点绛唇,爱情与离愁
点绛唇,悲伤与祭奠
点绛唇,爱国与豪情
点绛唇,山水田园
点绛唇,哲理
点绛唇,怀古
